ocel:eid,ocel:activity,ocel:timestamp,ocel:type:order,ocel:type:item,cost,note
e1,place order,2022-01-09 14:00:00,['o1'],"['i1', ""i'2"", 'i\u00e9', u'i4' ""x"", r'i\5']",10,first
e2,pick,2022-01-09 15:30:00,,['i1'],NA,"a,b"
e3,pick,2022-01-09 14:30:00,,"[""i'2""]",2.5,
e4,ship,2022-01-10 08:00:00,['o1'],[],,null
e5,lonely,2022-01-10 09:00:00, ,,,x
,no id,2022-01-10 10:00:00,,,,
e7,not lists,2022-01-11 01:00:00,not a list,"['unclosed",,"multi
line"
e10,repeat,2022-01-12 00:00:00,['o1'],"('t',)",,
e8,short row,2022-01-12 01:00:00,['o2']
